Description;Ref;Marque;Famille;Sous-Famille;Prix H.T.
Lucas Test des trucs;F0010087;Pilot;Ecriture & Correction;Stylos, feutres & rollers;7
12 Crayons � papier Tradition HB;F0000019;Cont�;Ecriture & Correction;Crayons & Porte-mines;5
12 Crayons graphite Foray HB;F1646150;Foray;Ecriture & Correction;Crayons & Porte-mines;3
3 crayons � papier - Faber Castell - Grip 2001 HB;F0346438;Faber Castell;Ecriture & Correction;Crayons & Porte-mines;3
4 crayons � papier - Bic - Evolution HB;F0013378;Bic;Ecriture & Correction;Crayons & Porte-mines;1
6 x Marqueurs - Velleda - 1781bis;F0333613;Velleda;Ecriture & Correction;Marqueurs;7
7 marqueurs � vitres assortis Pentel Wet Erase;F0354305;Pentel;Ecriture & Correction;Marqueurs;19
Bloc Estr�e A4 75g Uni;F0005477;Estr�e;Papier;Blocs & Coffrets de correspondance;2
Bo�te de classement - 24 x 32 cm - personnalisable bleu translucide dos 40 mm;F0351775;Elba;Classement & Archivage;Boites de classement en plastique;5
Bo�te de classement - 24 x 32 cm - personnalisable vert translucide dos 40 mm;F0351779;Elba;Classement & Archivage;Boites de classement en plastique;5
Bo�te de classement - polypropyl�ne - dos 25 mm;F5613471;Sans marque;Classement & Archivage;Boites de classement en plastique;3
Bo�te transfert - Scolex - havane - dos 90mm;F0012290;Scolex;Classement & Archivage;Bo�tes transfert;4
Bo�te transfert Scolex dos 120mm bleu marine;F0331333;Scolex;Classement & Archivage;Bo�tes transfert;6
Bo�te transfert Scolex dos 90mm bleu marine;F0012295;Scolex;Classement & Archivage;Bo�tes transfert;4
Bo�te transfert Scolex dos 90mm vert;F0012294;Scolex;Classement & Archivage;Bo�tes transfert;4
Bo�te de classement Viquel polypropyl�ne 8/10e Dos 80 mm Rouge;F0319838;Viquel;Classement & Archivage;Boites de classement en plastique;5
Cahier Calligraphe 24x32 cm grands carreaux 96 pages 70g piqu�;F0368854;Calligraphe;Papeterie et classement;Cahiers;2
Cahier de texte Clairefontaine 144 pages � spirales;F0328476;Clairefontaine;Papeterie et classement;Agendas et calendriers;3
Cahier double spirale - Oxford - A4 - 21 x 29,7 cm - petits carreaux - 100 pages;F0359244;Oxford;Papeterie et classement;Cahiers;3
Cahier Nomadbook Oxford 24x32 cm grands carreaux 160 pages avec chemise � �lastique;F1009381;Oxford;Papeterie et classement;Cahiers;5
Calculatrice scientifique - CASIO - FX Junior Plus - 19,5 x 78 x 155 mm;F6116922;Casio;Fournitures scolaires;Informatique et calculatrices;9
Clairalfa - carton de 5 ramettes de 500 feuilles A4 80g;F0006804;Clairefontaine;Papier;Papier copieur & multifonction blanc;21
Clairalfa - ramette 500 feuilles A4 80g;F0000269;Clairefontaine;Papier;Papier copieur & multifonction blanc;5
Clairefontaine - 250 feuilles Digital Color Printing blanches A4 160g;F0300012;Clairefontaine;Papier;Papier laser;8
Clairefontaine - 500 feuilles Digital Color Printing blanches A4 100g;F0020064;Clairefontaine;Papier;Papier laser;8
Clairefontaine - 500 feuilles Digital Color Printing ivoire A4 100g;F0021375;Clairefontaine;Papier;Papier laser;11
Clairefontaine - Carton de 5 ramettes de 500 feuilles Digital Color Printing blanches A4 100g;F0382778;Clairefontaine;Papier;Papier laser;35
Coffret de correspondance - Clairefontaine - Pollen - 40 cartes + 40 enveloppes - bleu;F5448249;Clairefontaine;Papier;Blocs & Coffrets de correspondance;10
Coffret de correspondance - Clairefontaine - Pollen - 40 cartes + 40 enveloppes - hiver;F5448222;Clairefontaine;Papier;Blocs & Coffrets de correspondance;13
Coffret de correspondance - Clairefontaine - Pollen - 40 cartes + 40 enveloppes - vert;F5448339;Clairefontaine;Papier;Blocs & Coffrets de correspondance;10
Corbeille � papier - m�tal - 18 litres - noir;F0017641;Sans marque;Accessoires de bureau;Corbeilles � papier;24
Corbeille � papier Ecoline CEP bleue;F0015773;CEP;Accessoires de bureau;Corbeilles � papier;2
Corbeille � papier rectangulaire HAN noire;F0016578;Han;Accessoires de bureau;Corbeilles � papier;6
Equerre 60� - Maped - Flex - 21cm incassable;F0368396;Maped;Fournitures scolaires;Cr�ation et g�om�trie;1
Multipot � crayons rotatif - Rubbermaid - noir;F0358457;Rubbermaid;Accessoires de bureau;Pots � crayons;25
Office DEPOT - carton de 5 ramettes de 500 feuilles Office DEPOT Everyday A4 80g/m�;F0391110;Office D�p�t;Papier;Papier copieur & multifonction blanc;17
Office DEPOT - Ramette 500 feuilles Office DEPOT Everyday A4 80g/m�;F1453759;Office D�p�t;Papier;Papier, copieur & multifonction blanc;4
Organiseur en cuir pleine fleur - Exacompta - Cali Exatime 21 - noir - 23 x 19 cm;F0320260;Exacompta;Papeterie et classement;Agendas et calendriers;100
Pot � crayons - Cep - Acrylight - transparent;F5422829;CEP;Accessoires de bureau;Pots � crayons;9
Pot � crayons multipot fixe bleu;F0358458;Sans marque;Accessoires de bureau;Pots � crayons;3
Pot � crayons recycl� - Cep - Green Spirit;F0308391;CEP;Accessoires de bureau;Pots � crayons;5
Recharge roller correcteur - Pritt - 4,2mm;F0339392;Pritt;Ecriture & Correction;Rollers correcteurs;3
R�gle transparente - Niceday - 1 biseau - 40 cm;F5743512;Niceday;Fournitures scolaires;Cr�ation et g�om�trie;1
Roller de correction - Pritt - ECOmfort;F3378105;Pritt;Ecriture & Correction;Rollers correcteurs;3
Sous-main � rabat 40 x 60 cm;F0388467;Emey;Accessoires de bureau;Sous-mains;47
Sous-main France 36x60cm;F0365764;Viquel;Accessoires de bureau;Sous-mains;6
Sous-main g�ographique - Durable - Monde;F3754287;Durable;Accessoires de bureau;Sous-mains;6
Stylo � bille - Parker - Urban Premium - corps acier - Eb�ne;F5223348;Parker;Ecriture & Correction;Stylos, feutres & rollers;25
Stylo � bille - Parker - Urban Premium - corps acier - Perle;F5223222;Parker;Ecriture & Correction;Stylos, feutres & rollers;25
Stylo-bille � encre gel - Pilot - B2P - noir;F0333037;Pilot;Ecriture & Correction;Stylos, feutres & rollers;3
ers;3
